classifier_name,dataset_name,accuracy
FCN,ACSF1,0.896
FCN,Adiac,0.8445
FCN,AllGestureWiimoteX,0.71
FCN,AllGestureWiimoteY,0.782
FCN,AllGestureWiimoteZ,0.6871
FCN,ArrowHead,0.84
FCN,BME,0.844
FCN,Beef,0.66
FCN,BeetleFly,0.9
FCN,BirdChicken,0.93
FCN,CBF,0.9938
FCN,Car,0.9067
FCN,Chinatown,0.9796
FCN,ChlorineConcentration,0.804
FCN,CinCECGTorso,0.8229
FCN,Coffee,1
FCN,Computers,0.8176
FCN,CricketX,0.7918
FCN,CricketY,0.7821
FCN,CricketZ,0.8005
FCN,Crop,0.7395
FCN,DiatomSizeReduction,0.3588
FCN,DistalPhalanxOutlineAgeGroup,0.7122
FCN,DistalPhalanxOutlineCorrect,0.7601
FCN,DistalPhalanxTW,0.6935
FCN,DodgerLoopDay,0.3975
FCN,DodgerLoopGame,0.7652
FCN,DodgerLoopWeekend,0.9116
FCN,ECG200,0.88
FCN,ECG5000,0.9405
FCN,ECGFiveDays,0.9882
FCN,EOGHorizontalSignal,0.5735
FCN,EOGVerticalSignal,0.4541
FCN,Earthquakes,0.718
FCN,ElectricDevices,0.7075
FCN,EthanolLevel,0.6796
FCN,FaceAll,0.9381
FCN,FaceFour,0.9273
FCN,FacesUCR,0.9443
FCN,FiftyWords,0.6514
FCN,Fish,0.9611
FCN,FordA,0.9165
FCN,FordB,0.7795
FCN,FreezerRegularTrain,0.9966
FCN,FreezerSmallTrain,0.6973
FCN,Fungi,0.014
FCN,GestureMidAirD1,0.7
FCN,GestureMidAirD2,0.6277
FCN,GestureMidAirD3,0.3262
FCN,GesturePebbleZ1,0.8791
FCN,GesturePebbleZ2,0.7848
FCN,GunPoint,0.9973
FCN,GunPointAgeSpan,0.9918
FCN,GunPointMaleVersusFemale,0.9962
FCN,GunPointOldVersusYoung,0.9879
FCN,Ham,0.7143
FCN,HandOutlines,0.8114
FCN,Haptics,0.474
FCN,Herring,0.65
FCN,HouseTwenty,0.9815
FCN,InlineSkate,0.3233
FCN,InsectEPGRegularTrain,0.9984
FCN,InsectEPGSmallTrain,0.2972
FCN,InsectWingbeatSound,0.3925
FCN,ItalyPowerDemand,0.9627
FCN,LargeKitchenAppliances,0.8997
FCN,Lightning2,0.7344
FCN,Lightning7,0.8274
FCN,Mallat,0.9703
FCN,Meat,0.7833
FCN,MedicalImages,0.7826
FCN,MelbournePedestrian,0.9143
FCN,MiddlePhalanxOutlineAgeGroup,0.5351
FCN,MiddlePhalanxOutlineCorrect,0.7918
FCN,MiddlePhalanxTW,0.5
FCN,MixedShapesRegularTrain,0.9579
FCN,MixedShapesSmallTrain,0.8943
FCN,MoteStrain,0.9343
FCN,NonInvasiveFetalECGThorax1,0.9538
FCN,NonInvasiveFetalECGThorax2,0.9528
FCN,OSULeaf,0.9678
FCN,OliveOil,0.5067
FCN,PLAID,0.9035
FCN,PhalangesOutlinesCorrect,0.8217
FCN,Phoneme,0.3254
FCN,PickupGestureWiimoteZ,0.744
FCN,PigAirwayPressure,0.1923
FCN,PigArtPressure,0.9875
FCN,PigCVP,0.8038
FCN,Plane,1
FCN,PowerCons,0.8722
FCN,ProximalPhalanxOutlineAgeGroup,0.8302
FCN,ProximalPhalanxOutlineCorrect,0.899
FCN,ProximalPhalanxTW,0.7698
FCN,RefrigerationDevices,0.5104
FCN,Rock,0.632
FCN,ScreenType,0.6203
FCN,SemgHandGenderCh2,0.8313
FCN,SemgHandMovementCh2,0.4782
FCN,SemgHandSubjectCh2,0.7418
FCN,ShakeGestureWiimoteZ,0.884
FCN,ShapeletSim,0.7478
FCN,ShapesAll,0.8923
FCN,SmallKitchenAppliances,0.776
FCN,SmoothSubspace,0.9693
FCN,SonyAIBORobotSurface1,0.9651
FCN,SonyAIBORobotSurface2,0.9773
FCN,StarLightCurves,0.9663
FCN,Strawberry,0.9697
FCN,SwedishLeaf,0.967
FCN,Symbols,0.9644
FCN,SyntheticControl,0.9873
FCN,ToeSegmentation1,0.9596
FCN,ToeSegmentation2,0.8877
FCN,Trace,1
FCN,TwoLeadECG,0.9996
FCN,TwoPatterns,0.8695
FCN,UMD,0.9861
FCN,UWaveGestureLibraryAll,0.8145
FCN,UWaveGestureLibraryX,0.7508
FCN,UWaveGestureLibraryY,0.6434
FCN,UWaveGestureLibraryZ,0.7265
FCN,Wafer,0.9972
FCN,Wine,0.6259
FCN,WordSynonyms,0.5643
FCN,Worms,0.7766
FCN,WormsTwoClass,0.7325
FCN,Yoga,0.8424
ResNet,ACSF1,0.916
ResNet,Adiac,0.8332
ResNet,AllGestureWiimoteX,0.7406
ResNet,AllGestureWiimoteY,0.7937
ResNet,AllGestureWiimoteZ,0.7257
ResNet,ArrowHead,0.8377
ResNet,BME,0.9987
ResNet,Beef,0.7533
ResNet,BeetleFly,0.85
ResNet,BirdChicken,0.88
ResNet,CBF,0.9958
ResNet,Car,0.9167
ResNet,Chinatown,0.9784
ResNet,ChlorineConcentration,0.8528
ResNet,CinCECGTorso,0.8378
ResNet,Coffee,1
ResNet,Computers,0.8056
ResNet,CricketX,0.799
ResNet,CricketY,0.8103
ResNet,CricketZ,0.8087
ResNet,Crop,0.7429
ResNet,DiatomSizeReduction,0.3007
ResNet,DistalPhalanxOutlineAgeGroup,0.718
ResNet,DistalPhalanxOutlineCorrect,0.7703
ResNet,DistalPhalanxTW,0.6633
ResNet,DodgerLoopDay,0.15
ResNet,DodgerLoopGame,0.7101
ResNet,DodgerLoopWeekend,0.9522
ResNet,ECG200,0.874
ResNet,ECG5000,0.9351
ResNet,ECGFiveDays,0.9663
ResNet,EOGHorizontalSignal,0.5994
ResNet,EOGVerticalSignal,0.4453
ResNet,Earthquakes,0.7122
ResNet,ElectricDevices,0.7279
ResNet,EthanolLevel,0.7584
ResNet,FaceAll,0.8667
ResNet,FaceFour,0.9545
ResNet,FacesUCR,0.9542
ResNet,FiftyWords,0.7402
ResNet,Fish,0.9806
ResNet,FordA,0.937
ResNet,FordB,0.8131
ResNet,FreezerRegularTrain,0.9985
ResNet,FreezerSmallTrain,0.8322
ResNet,Fungi,0.1774
ResNet,GestureMidAirD1,0.6985
ResNet,GestureMidAirD2,0.6677
ResNet,GestureMidAirD3,0.34
ResNet,GesturePebbleZ1,0.9012
ResNet,GesturePebbleZ2,0.7772
ResNet,GunPoint,0.9907
ResNet,GunPointAgeSpan,0.9968
ResNet,GunPointMaleVersusFemale,0.9924
ResNet,GunPointOldVersusYoung,0.9892
ResNet,Ham,0.7581
ResNet,HandOutlines,0.9135
ResNet,Haptics,0.5097
ResNet,Herring,0.6
ResNet,HouseTwenty,0.9832
ResNet,InlineSkate,0.3771
ResNet,InsectEPGRegularTrain,0.9976
ResNet,InsectEPGSmallTrain,0.3719
ResNet,InsectWingbeatSound,0.4993
ResNet,ItalyPowerDemand,0.9615
ResNet,LargeKitchenAppliances,0.9013
ResNet,Lightning2,0.7803
ResNet,Lightning7,0.8274
ResNet,Mallat,0.9736
ResNet,Meat,0.99
ResNet,MedicalImages,0.7697
ResNet,MelbournePedestrian,0.9092
ResNet,MiddlePhalanxOutlineAgeGroup,0.5455
ResNet,MiddlePhalanxOutlineCorrect,0.8261
ResNet,MiddlePhalanxTW,0.4948
ResNet,MixedShapesRegularTrain,0.9729
ResNet,MixedShapesSmallTrain,0.9165
ResNet,MoteStrain,0.924
ResNet,NonInvasiveFetalECGThorax1,0.9414
ResNet,NonInvasiveFetalECGThorax2,0.9436
ResNet,OSULeaf,0.9802
ResNet,OliveOil,0.8467
ResNet,PLAID,0.9404
ResNet,PhalangesOutlinesCorrect,0.8452
ResNet,Phoneme,0.3334
ResNet,PickupGestureWiimoteZ,0.704
ResNet,PigAirwayPressure,0.4058
ResNet,PigArtPressure,0.9913
ResNet,PigCVP,0.9183
ResNet,Plane,1
ResNet,PowerCons,0.8789
ResNet,ProximalPhalanxOutlineAgeGroup,0.8468
ResNet,ProximalPhalanxOutlineCorrect,0.9196
ResNet,ProximalPhalanxTW,0.7727
ResNet,RefrigerationDevices,0.5301
ResNet,Rock,0.552
ResNet,ScreenType,0.6155
ResNet,SemgHandGenderCh2,0.8237
ResNet,SemgHandMovementCh2,0.4391
ResNet,SemgHandSubjectCh2,0.7387
ResNet,ShakeGestureWiimoteZ,0.88
ResNet,ShapeletSim,0.7822
ResNet,ShapesAll,0.9263
ResNet,SmallKitchenAppliances,0.7813
ResNet,SmoothSubspace,0.98
ResNet,SonyAIBORobotSurface1,0.9607
ResNet,SonyAIBORobotSurface2,0.9754
ResNet,StarLightCurves,0.9723
ResNet,Strawberry,0.98
ResNet,SwedishLeaf,0.9626
ResNet,Symbols,0.8931
ResNet,SyntheticControl,0.9967
ResNet,ToeSegmentation1,0.957
ResNet,ToeSegmentation2,0.8938
ResNet,Trace,1
ResNet,TwoLeadECG,1
ResNet,TwoPatterns,1
ResNet,UMD,0.9903
ResNet,UWaveGestureLibraryAll,0.8608
ResNet,UWaveGestureLibraryX,0.7812
ResNet,UWaveGestureLibraryY,0.6658
ResNet,UWaveGestureLibraryZ,0.7486
ResNet,Wafer,0.9981
ResNet,Wine,0.7222
ResNet,WordSynonyms,0.6166
ResNet,Worms,0.761
ResNet,WormsTwoClass,0.7481
ResNet,Yoga,0.8667
Inception,ACSF1,0.898
Inception,Adiac,0.822
Inception,AllGestureWiimoteX,0.7729
Inception,AllGestureWiimoteY,0.8089
Inception,AllGestureWiimoteZ,0.7763
Inception,ArrowHead,0.8457
Inception,BME,0.9947
Inception,Beef,0.7067
Inception,BeetleFly,0.83
Inception,BirdChicken,0.95
Inception,CBF,0.9989
Inception,Car,0.9033
Inception,Chinatown,0.9796
Inception,ChlorineConcentration,0.8691
Inception,CinCECGTorso,0.7257
Inception,Coffee,1
Inception,Computers,0.7856
Inception,CricketX,0.8385
Inception,CricketY,0.8421
Inception,CricketZ,0.8477
Inception,Crop,0.7524
Inception,DiatomSizeReduction,0.9418
Inception,DistalPhalanxOutlineAgeGroup,0.7367
Inception,DistalPhalanxOutlineCorrect,0.7797
Inception,DistalPhalanxTW,0.6604
Inception,DodgerLoopDay,0.545
Inception,DodgerLoopGame,0.8464
Inception,DodgerLoopWeekend,0.9681
Inception,ECG200,0.926
Inception,ECG5000,0.9379
Inception,ECGFiveDays,0.9986
Inception,EOGHorizontalSignal,0.5851
Inception,EOGVerticalSignal,0.4652
Inception,Earthquakes,0.7295
Inception,ElectricDevices,0.7061
Inception,EthanolLevel,0.812
Inception,FaceAll,0.7908
Inception,FaceFour,0.9614
Inception,FacesUCR,0.9661
Inception,FiftyWords,0.8202
Inception,Fish,0.9771
Inception,FordA,0.9558
Inception,FordB,0.8489
Inception,FreezerRegularTrain,0.9962
Inception,FreezerSmallTrain,0.8556
Inception,Fungi,1
Inception,GestureMidAirD1,0.7138
Inception,GestureMidAirD2,0.7
Inception,GestureMidAirD3,0.3692
Inception,GesturePebbleZ1,0.9233
Inception,GesturePebbleZ2,0.881
Inception,GunPoint,0.9987
Inception,GunPointAgeSpan,0.9886
Inception,GunPointMaleVersusFemale,0.9943
Inception,GunPointOldVersusYoung,0.9689
Inception,Ham,0.7143
Inception,HandOutlines,0.9454
Inception,Haptics,0.5455
Inception,Herring,0.6844
Inception,HouseTwenty,0.9798
Inception,InlineSkate,0.4807
Inception,InsectEPGRegularTrain,0.9968
Inception,InsectEPGSmallTrain,0.9414
Inception,InsectWingbeatSound,0.6291
Inception,ItalyPowerDemand,0.966
Inception,LargeKitchenAppliances,0.9008
Inception,Lightning2,0.7902
Inception,Lightning7,0.8137
Inception,Mallat,0.956
Inception,Meat,0.93
Inception,MedicalImages,0.7916
Inception,MelbournePedestrian,0.9054
Inception,MiddlePhalanxOutlineAgeGroup,0.5221
Inception,MiddlePhalanxOutlineCorrect,0.8213
Inception,MiddlePhalanxTW,0.5039
Inception,MixedShapesRegularTrain,0.9644
Inception,MixedShapesSmallTrain,0.9101
Inception,MoteStrain,0.8949
Inception,NonInvasiveFetalECGThorax1,0.9563
Inception,NonInvasiveFetalECGThorax2,0.9575
Inception,OSULeaf,0.9298
Inception,OliveOil,0.8467
Inception,PLAID,0.9371
Inception,PhalangesOutlinesCorrect,0.8347
Inception,Phoneme,0.329
Inception,PickupGestureWiimoteZ,0.748
Inception,PigAirwayPressure,0.748
Inception,PigArtPressure,0.9923
Inception,PigCVP,0.9481
Inception,Plane,1
Inception,PowerCons,0.95
Inception,ProximalPhalanxOutlineAgeGroup,0.8332
Inception,ProximalPhalanxOutlineCorrect,0.9134
Inception,ProximalPhalanxTW,0.7698
Inception,RefrigerationDevices,0.5131
Inception,Rock,0.78
Inception,ScreenType,0.5845
Inception,SemgHandGenderCh2,0.8153
Inception,SemgHandMovementCh2,0.4067
Inception,SemgHandSubjectCh2,0.7849
Inception,ShakeGestureWiimoteZ,0.888
Inception,ShapeletSim,0.9522
Inception,ShapesAll,0.92
Inception,SmallKitchenAppliances,0.7579
Inception,SmoothSubspace,0.98
Inception,SonyAIBORobotSurface1,0.8666
Inception,SonyAIBORobotSurface2,0.954
Inception,StarLightCurves,0.9776
Inception,Strawberry,0.9827
Inception,SwedishLeaf,0.9661
Inception,Symbols,0.9811
Inception,SyntheticControl,0.9953
Inception,ToeSegmentation1,0.9649
Inception,ToeSegmentation2,0.9477
Inception,Trace,1
Inception,TwoLeadECG,0.996
Inception,TwoPatterns,1
Inception,UMD,0.9833
Inception,UWaveGestureLibraryAll,0.9462
Inception,UWaveGestureLibraryX,0.8122
Inception,UWaveGestureLibraryY,0.7544
Inception,UWaveGestureLibraryZ,0.755
Inception,Wafer,0.9987
Inception,Wine,0.6667
Inception,WordSynonyms,0.7292
Inception,Worms,0.7688
Inception,WormsTwoClass,0.7584
Inception,Yoga,0.8998
InceptionTime,ACSF1,0.94
InceptionTime,Adiac,0.8465
InceptionTime,AllGestureWiimoteX,0.7871
InceptionTime,AllGestureWiimoteY,0.8229
InceptionTime,AllGestureWiimoteZ,0.7929
InceptionTime,ArrowHead,0.8514
InceptionTime,BME,0.9933
InceptionTime,Beef,0.7
InceptionTime,BeetleFly,0.85
InceptionTime,BirdChicken,0.95
InceptionTime,CBF,0.9989
InceptionTime,Car,0.9167
InceptionTime,Chinatown,0.9825
InceptionTime,ChlorineConcentration,0.8732
InceptionTime,CinCECGTorso,0.85
InceptionTime,Coffee,1
InceptionTime,Computers,0.792
InceptionTime,CricketX,0.8513
InceptionTime,CricketY,0.859
InceptionTime,CricketZ,0.8538
InceptionTime,Crop,0.7701
InceptionTime,DiatomSizeReduction,0.9444
InceptionTime,DistalPhalanxOutlineAgeGroup,0.741
InceptionTime,DistalPhalanxOutlineCorrect,0.7935
InceptionTime,DistalPhalanxTW,0.6763
InceptionTime,DodgerLoopDay,0.5875
InceptionTime,DodgerLoopGame,0.8623
InceptionTime,DodgerLoopWeekend,0.971
InceptionTime,ECG200,0.93
InceptionTime,ECG5000,0.94
InceptionTime,ECGFiveDays,1
InceptionTime,EOGHorizontalSignal,0.5912
InceptionTime,EOGVerticalSignal,0.4558
InceptionTime,Earthquakes,0.7482
InceptionTime,ElectricDevices,0.7209
InceptionTime,EthanolLevel,0.822
InceptionTime,FaceAll,0.7929
InceptionTime,FaceFour,0.9659
InceptionTime,FacesUCR,0.9698
InceptionTime,FiftyWords,0.8374
InceptionTime,Fish,0.9714
InceptionTime,FordA,0.9614
InceptionTime,FordB,0.8605
InceptionTime,FreezerRegularTrain,0.9965
InceptionTime,FreezerSmallTrain,0.8565
InceptionTime,Fungi,1
InceptionTime,GestureMidAirD1,0.7462
InceptionTime,GestureMidAirD2,0.7154
InceptionTime,GestureMidAirD3,0.3692
InceptionTime,GesturePebbleZ1,0.9244
InceptionTime,GesturePebbleZ2,0.8861
InceptionTime,GunPoint,0.8861
InceptionTime,GunPointAgeSpan,0.9873
InceptionTime,GunPointMaleVersusFemale,0.9937
InceptionTime,GunPointOldVersusYoung,0.9746
InceptionTime,Ham,0.7143
InceptionTime,HandOutlines,0.9568
InceptionTime,Haptics,0.5649
InceptionTime,Herring,0.6875
InceptionTime,HouseTwenty,0.9832
InceptionTime,InlineSkate,0.5055
InceptionTime,InsectEPGRegularTrain,0.996
InceptionTime,InsectEPGSmallTrain,0.9438
InceptionTime,InsectWingbeatSound,0.6318
InceptionTime,ItalyPowerDemand,0.965
InceptionTime,LargeKitchenAppliances,0.8987
InceptionTime,Lightning2,0.7869
InceptionTime,Lightning7,0.8219
InceptionTime,Mallat,0.962
InceptionTime,Meat,0.95
InceptionTime,MedicalImages,0.8
InceptionTime,MelbournePedestrian,0.9102
InceptionTime,MiddlePhalanxOutlineAgeGroup,0.539
InceptionTime,MiddlePhalanxOutlineCorrect,0.8282
InceptionTime,MiddlePhalanxTW,0.5325
InceptionTime,MixedShapesRegularTrain,0.9699
InceptionTime,MixedShapesSmallTrain,0.913
InceptionTime,MoteStrain,0.8962
InceptionTime,NonInvasiveFetalECGThorax1,0.9593
InceptionTime,NonInvasiveFetalECGThorax2,0.9618
InceptionTime,OSULeaf,0.9339
InceptionTime,OliveOil,0.8667
InceptionTime,PLAID,0.9423
InceptionTime,PhalangesOutlinesCorrect,0.859
InceptionTime,Phoneme,0.3402
InceptionTime,PickupGestureWiimoteZ,0.76
InceptionTime,PigAirwayPressure,0.5433
InceptionTime,PigArtPressure,0.9952
InceptionTime,PigCVP,0.9615
InceptionTime,Plane,1
InceptionTime,PowerCons,0.9556
InceptionTime,ProximalPhalanxOutlineAgeGroup,0.839
InceptionTime,ProximalPhalanxOutlineCorrect,0.9278
InceptionTime,ProximalPhalanxTW,0.7854
InceptionTime,RefrigerationDevices,0.5147
InceptionTime,Rock,0.82
InceptionTime,ScreenType,0.5893
InceptionTime,SemgHandGenderCh2,0.8167
InceptionTime,SemgHandMovementCh2,0.4444
InceptionTime,SemgHandSubjectCh2,0.8111
InceptionTime,ShakeGestureWiimoteZ,0.9
InceptionTime,ShapeletSim,0.9889
InceptionTime,ShapesAll,0.925
InceptionTime,SmallKitchenAppliances,0.776
InceptionTime,SmoothSubspace,0.98
InceptionTime,SonyAIBORobotSurface1,0.8669
InceptionTime,SonyAIBORobotSurface2,0.9591
InceptionTime,StarLightCurves,0.9798
InceptionTime,Strawberry,0.9838
InceptionTime,SwedishLeaf,0.9696
InceptionTime,Symbols,0.9819
InceptionTime,SyntheticControl,0.9967
InceptionTime,ToeSegmentation1,0.9737
InceptionTime,ToeSegmentation2,0.9538
InceptionTime,Trace,1
InceptionTime,TwoLeadECG,0.9956
InceptionTime,TwoPatterns,1
InceptionTime,UMD,0.9861
InceptionTime,UWaveGestureLibraryAll,0.952
InceptionTime,UWaveGestureLibraryX,0.8219
InceptionTime,UWaveGestureLibraryY,0.7669
InceptionTime,UWaveGestureLibraryZ,0.761
InceptionTime,Wafer,0.9987
InceptionTime,Wine,0.6667
InceptionTime,WordSynonyms,0.7602
InceptionTime,Worms,0.7922
InceptionTime,WormsTwoClass,0.7792
InceptionTime,Yoga,0.9077
LITE,ACSF1,0.898
LITE,Adiac,0.8102
LITE,AllGestureWiimoteX,0.7423
LITE,AllGestureWiimoteY,0.7717
LITE,AllGestureWiimoteZ,0.7317
LITE,ArrowHead,0.8217
LITE,BME,0.98
LITE,Beef,0.72
LITE,BeetleFly,0.87
LITE,BirdChicken,0.89
LITE,CBF,0.9976
LITE,Car,0.9233
LITE,Chinatown,0.9802
LITE,ChlorineConcentration,0.8427
LITE,CinCECGTorso,0.7825
LITE,Coffee,1
LITE,Computers,0.7952
LITE,CricketX,0.8087
LITE,CricketY,0.8328
LITE,CricketZ,0.8436
LITE,Crop,0.7152
LITE,DiatomSizeReduction,0.9529
LITE,DistalPhalanxOutlineAgeGroup,0.7237
LITE,DistalPhalanxOutlineCorrect,0.7522
LITE,DistalPhalanxTW,0.6835
LITE,DodgerLoopDay,0.54
LITE,DodgerLoopGame,0.8029
LITE,DodgerLoopWeekend,0.9681
LITE,ECG200,0.896
LITE,ECG5000,0.9401
LITE,ECGFiveDays,0.9977
LITE,EOGHorizontalSignal,0.5994
LITE,EOGVerticalSignal,0.3901
LITE,Earthquakes,0.7108
LITE,ElectricDevices,0.6789
LITE,EthanolLevel,0.6988
LITE,FaceAll,0.7914
LITE,FaceFour,0.9523
LITE,FacesUCR,0.9545
LITE,FiftyWords,0.7675
LITE,Fish,0.9806
LITE,FordA,0.9536
LITE,FordB,0.8442
LITE,FreezerRegularTrain,0.998
LITE,FreezerSmallTrain,0.9531
LITE,Fungi,0.9978
LITE,GestureMidAirD1,0.74
LITE,GestureMidAirD2,0.6738
LITE,GestureMidAirD3,0.3846
LITE,GesturePebbleZ1,0.9116
LITE,GesturePebbleZ2,0.8797
LITE,GunPoint,0.9973
LITE,GunPointAgeSpan,0.9918
LITE,GunPointMaleVersusFemale,0.9905
LITE,GunPointOldVersusYoung,0.9714
LITE,Ham,0.7219
LITE,HandOutlines,0.9373
LITE,Haptics,0.5299
LITE,Herring,0.6906
LITE,HouseTwenty,0.9815
LITE,InlineSkate,0.5433
LITE,InsectEPGRegularTrain,0.9952
LITE,InsectEPGSmallTrain,0.955
LITE,InsectWingbeatSound,0.6104
LITE,ItalyPowerDemand,0.9685
LITE,LargeKitchenAppliances,0.8816
LITE,Lightning2,0.7541
LITE,Lightning7,0.8274
LITE,Mallat,0.9476
LITE,Meat,0.9133
LITE,MedicalImages,0.7526
LITE,MelbournePedestrian,0.8986
LITE,MiddlePhalanxOutlineAgeGroup,0.5247
LITE,MiddlePhalanxOutlineCorrect,0.8268
LITE,MiddlePhalanxTW,0.5078
LITE,MixedShapesRegularTrain,0.9768
LITE,MixedShapesSmallTrain,0.9386
LITE,MoteStrain,0.8757
LITE,NonInvasiveFetalECGThorax1,0.9522
LITE,NonInvasiveFetalECGThorax2,0.9538
LITE,OSULeaf,0.9562
LITE,OliveOil,0.6933
LITE,PLAID,0.9065
LITE,PhalangesOutlinesCorrect,0.8217
LITE,Phoneme,0.3094
LITE,PickupGestureWiimoteZ,0.756
LITE,PigAirwayPressure,0.3471
LITE,PigArtPressure,0.9933
LITE,PigCVP,0.9356
LITE,Plane,1
LITE,PowerCons,0.9444
LITE,ProximalPhalanxOutlineAgeGroup,0.8371
LITE,ProximalPhalanxOutlineCorrect,0.9052
LITE,ProximalPhalanxTW,0.7815
LITE,RefrigerationDevices,0.4965
LITE,Rock,0.828
LITE,ScreenType,0.5659
LITE,SemgHandGenderCh2,0.8437
LITE,SemgHandMovementCh2,0.4787
LITE,SemgHandSubjectCh2,0.7676
LITE,ShakeGestureWiimoteZ,0.928
LITE,ShapeletSim,0.7378
LITE,ShapesAll,0.8997
LITE,SmallKitchenAppliances,0.7579
LITE,SmoothSubspace,0.984
LITE,SonyAIBORobotSurface1,0.8416
LITE,SonyAIBORobotSurface2,0.9396
LITE,StarLightCurves,0.9744
LITE,Strawberry,0.9784
LITE,SwedishLeaf,0.9558
LITE,Symbols,0.9807
LITE,SyntheticControl,0.9987
LITE,ToeSegmentation1,0.9693
LITE,ToeSegmentation2,0.9277
LITE,Trace,1
LITE,TwoLeadECG,0.9979
LITE,TwoPatterns,1
LITE,UMD,0.9542
LITE,UWaveGestureLibraryAll,0.891
LITE,UWaveGestureLibraryX,0.8093
LITE,UWaveGestureLibraryY,0.7238
LITE,UWaveGestureLibraryZ,0.7562
LITE,Wafer,0.999
LITE,Wine,0.6407
LITE,WordSynonyms,0.6787
LITE,Worms,0.8104
LITE,WormsTwoClass,0.7844
LITE,Yoga,0.9067
LITETime,ACSF1,0.91
LITETime,Adiac,0.8338
LITETime,AllGestureWiimoteX,0.7657
LITETime,AllGestureWiimoteY,0.7886
LITETime,AllGestureWiimoteZ,0.7529
LITETime,ArrowHead,0.84
LITETime,BME,0.9933
LITETime,Beef,0.7667
LITETime,BeetleFly,0.9
LITETime,BirdChicken,0.9
LITETime,CBF,0.9989
LITETime,Car,0.9333
LITETime,Chinatown,0.9825
LITETime,ChlorineConcentration,0.8484
LITETime,CinCECGTorso,0.8732
LITETime,Coffee,1
LITETime,Computers,0.812
LITETime,CricketX,0.8308
LITETime,CricketY,0.8769
LITETime,CricketZ,0.8615
LITETime,Crop,0.7573
LITETime,DiatomSizeReduction,0.9608
LITETime,DistalPhalanxOutlineAgeGroup,0.7122
LITETime,DistalPhalanxOutlineCorrect,0.7609
LITETime,DistalPhalanxTW,0.7122
LITETime,DodgerLoopDay,0.575
LITETime,DodgerLoopGame,0.8188
LITETime,DodgerLoopWeekend,0.971
LITETime,ECG200,0.92
LITETime,ECG5000,0.9427
LITETime,ECGFiveDays,0.9977
LITETime,EOGHorizontalSignal,0.6354
LITETime,EOGVerticalSignal,0.4116
LITETime,Earthquakes,0.7338
LITETime,ElectricDevices,0.7025
LITETime,EthanolLevel,0.74
LITETime,FaceAll,0.7929
LITETime,FaceFour,0.9545
LITETime,FacesUCR,0.962
LITETime,FiftyWords,0.8066
LITETime,Fish,0.9771
LITETime,FordA,0.9583
LITETime,FordB,0.8531
LITETime,FreezerRegularTrain,0.9979
LITETime,FreezerSmallTrain,0.9611
LITETime,Fungi,1
LITETime,GestureMidAirD1,0.7538
LITETime,GestureMidAirD2,0.7077
LITETime,GestureMidAirD3,0.4231
LITETime,GesturePebbleZ1,0.9186
LITETime,GesturePebbleZ2,0.8987
LITETime,GunPoint,1
LITETime,GunPointAgeSpan,0.9905
LITETime,GunPointMaleVersusFemale,0.9905
LITETime,GunPointOldVersusYoung,0.9778
LITETime,Ham,0.7143
LITETime,HandOutlines,0.9541
LITETime,Haptics,0.5649
LITETime,Herring,0.7656
LITETime,HouseTwenty,0.9832
LITETime,InlineSkate,0.5509
LITETime,InsectEPGRegularTrain,0.996
LITETime,InsectEPGSmallTrain,0.9639
LITETime,InsectWingbeatSound,0.6333
LITETime,ItalyPowerDemand,0.967
LITETime,LargeKitchenAppliances,0.8907
LITETime,Lightning2,0.7541
LITETime,Lightning7,0.8356
LITETime,Mallat,0.9586
LITETime,Meat,0.9333
LITETime,MedicalImages,0.7855
LITETime,MelbournePedestrian,0.9057
LITETime,MiddlePhalanxOutlineAgeGroup,0.513
LITETime,MiddlePhalanxOutlineCorrect,0.8488
LITETime,MiddlePhalanxTW,0.5
LITETime,MixedShapesRegularTrain,0.9806
LITETime,MixedShapesSmallTrain,0.9439
LITETime,MoteStrain,0.8826
LITETime,NonInvasiveFetalECGThorax1,0.9598
LITETime,NonInvasiveFetalECGThorax2,0.9608
LITETime,OSULeaf,0.9545
LITETime,OliveOil,0.8
LITETime,PLAID,0.9199
LITETime,PhalangesOutlinesCorrect,0.8403
LITETime,Phoneme,0.337
LITETime,PickupGestureWiimoteZ,0.78
LITETime,PigAirwayPressure,0.4712
LITETime,PigArtPressure,0.9952
LITETime,PigCVP,0.9471
LITETime,Plane,1
LITETime,PowerCons,0.9611
LITETime,ProximalPhalanxOutlineAgeGroup,0.8537
LITETime,ProximalPhalanxOutlineCorrect,0.9175
LITETime,ProximalPhalanxTW,0.8049
LITETime,RefrigerationDevices,0.496
LITETime,Rock,0.86
LITETime,ScreenType,0.5893
LITETime,SemgHandGenderCh2,0.8683
LITETime,SemgHandMovementCh2,0.5111
LITETime,SemgHandSubjectCh2,0.8022
LITETime,ShakeGestureWiimoteZ,0.96
LITETime,ShapeletSim,0.75
LITETime,ShapesAll,0.9133
LITETime,SmallKitchenAppliances,0.7707
LITETime,SmoothSubspace,0.9867
LITETime,SonyAIBORobotSurface1,0.8353
LITETime,SonyAIBORobotSurface2,0.9412
LITETime,StarLightCurves,0.9767
LITETime,Strawberry,0.9838
LITETime,SwedishLeaf,0.9616
LITETime,Symbols,0.9829
LITETime,SyntheticControl,1
LITETime,ToeSegmentation1,0.9781
LITETime,ToeSegmentation2,0.9385
LITETime,Trace,1
LITETime,TwoLeadECG,0.9982
LITETime,TwoPatterns,1
LITETime,UMD,0.9653
LITETime,UWaveGestureLibraryAll,0.9123
LITETime,UWaveGestureLibraryX,0.8294
LITETime,UWaveGestureLibraryY,0.7616
LITETime,UWaveGestureLibraryZ,0.7808
LITETime,Wafer,0.999
LITETime,Wine,0.6667
LITETime,WordSynonyms,0.7179
LITETime,Worms,0.8182
LITETime,WormsTwoClass,0.7662
LITETime,Yoga,0.9177
ROCKET,ACSF1,0.886
ROCKET,Adiac,0.7834
ROCKET,AllGestureWiimoteX,0.79
ROCKET,AllGestureWiimoteY,0.7727
ROCKET,AllGestureWiimoteZ,0.7661
ROCKET,ArrowHead,0.8143
ROCKET,BME,1
ROCKET,Beef,0.8333
ROCKET,BeetleFly,0.9
ROCKET,BirdChicken,0.9
ROCKET,CBF,1
ROCKET,Car,0.8467
ROCKET,Chinatown,0.9825
ROCKET,ChlorineConcentration,0.8145
ROCKET,CinCECGTorso,0.8362
ROCKET,Coffee,1
ROCKET,Computers,0.7612
ROCKET,CricketX,0.8195
ROCKET,CricketY,0.8523
ROCKET,CricketZ,0.8559
ROCKET,Crop,0.7513
ROCKET,DiatomSizeReduction,0.9699
ROCKET,DistalPhalanxOutlineAgeGroup,0.759
ROCKET,DistalPhalanxOutlineCorrect,0.7696
ROCKET,DistalPhalanxTW,0.7187
ROCKET,DodgerLoopDay,0.5725
ROCKET,DodgerLoopGame,0.8732
ROCKET,DodgerLoopWeekend,0.9746
ROCKET,ECG200,0.906
ROCKET,ECG5000,0.9472
ROCKET,ECGFiveDays,1
ROCKET,EOGHorizontalSignal,0.639
ROCKET,EOGVerticalSignal,0.5414
ROCKET,Earthquakes,0.7482
ROCKET,ElectricDevices,0.7294
ROCKET,EthanolLevel,0.5828
ROCKET,FaceAll,0.9465
ROCKET,FaceFour,0.9773
ROCKET,FacesUCR,0.9614
ROCKET,FiftyWords,0.8303
ROCKET,Fish,0.9794
ROCKET,FordA,0.9444
ROCKET,FordB,0.8051
ROCKET,FreezerRegularTrain,0.9976
ROCKET,FreezerSmallTrain,0.9496
ROCKET,Fungi,1
ROCKET,GestureMidAirD1,0.7169
ROCKET,GestureMidAirD2,0.6608
ROCKET,GestureMidAirD3,0.4146
ROCKET,GesturePebbleZ1,0.9058
ROCKET,GesturePebbleZ2,0.8304
ROCKET,GunPoint,1
ROCKET,GunPointAgeSpan,0.9968
ROCKET,GunPointMaleVersusFemale,0.9984
ROCKET,GunPointOldVersusYoung,0.9911
ROCKET,Ham,0.7257
ROCKET,HandOutlines,0.9424
ROCKET,Haptics,0.524
ROCKET,Herring,0.6922
ROCKET,HouseTwenty,0.9639
ROCKET,InlineSkate,0.4569
ROCKET,InsectEPGRegularTrain,1
ROCKET,InsectEPGSmallTrain,0.9791
ROCKET,InsectWingbeatSound,0.6568
ROCKET,ItalyPowerDemand,0.9696
ROCKET,LargeKitchenAppliances,0.9005
ROCKET,Lightning2,0.759
ROCKET,Lightning7,0.8233
ROCKET,Mallat,0.9559
ROCKET,Meat,0.9483
ROCKET,MedicalImages,0.7995
ROCKET,MelbournePedestrian,0.9044
ROCKET,MiddlePhalanxOutlineAgeGroup,0.5903
ROCKET,MiddlePhalanxOutlineCorrect,0.8385
ROCKET,MiddlePhalanxTW,0.5604
ROCKET,MixedShapesRegularTrain,0.9711
ROCKET,MixedShapesSmallTrain,0.9382
ROCKET,MoteStrain,0.9146
ROCKET,NonInvasiveFetalECGThorax1,0.953
ROCKET,NonInvasiveFetalECGThorax2,0.9691
ROCKET,OSULeaf,0.9409
ROCKET,OliveOil,0.9167
ROCKET,PLAID,0.9026
ROCKET,PhalangesOutlinesCorrect,0.8343
ROCKET,Phoneme,0.2799
ROCKET,PickupGestureWiimoteZ,0.83
ROCKET,PigAirwayPressure,0.0952
ROCKET,PigArtPressure,0.9538
ROCKET,PigCVP,0.9341
ROCKET,Plane,1
ROCKET,PowerCons,0.94
ROCKET,ProximalPhalanxOutlineAgeGroup,0.8556
ROCKET,ProximalPhalanxOutlineCorrect,0.899
ROCKET,ProximalPhalanxTW,0.8166
ROCKET,RefrigerationDevices,0.5373
ROCKET,Rock,0.9
ROCKET,ScreenType,0.4853
ROCKET,SemgHandGenderCh2,0.9268
ROCKET,SemgHandMovementCh2,0.6451
ROCKET,SemgHandSubjectCh2,0.8811
ROCKET,ShakeGestureWiimoteZ,0.898
ROCKET,ShapeletSim,1
ROCKET,ShapesAll,0.9068
ROCKET,SmallKitchenAppliances,0.8184
ROCKET,SmoothSubspace,0.9787
ROCKET,SonyAIBORobotSurface1,0.9225
ROCKET,SonyAIBORobotSurface2,0.9126
ROCKET,StarLightCurves,0.981
ROCKET,Strawberry,0.9814
ROCKET,SwedishLeaf,0.964
ROCKET,Symbols,0.9743
ROCKET,SyntheticControl,0.9997
ROCKET,ToeSegmentation1,0.9684
ROCKET,ToeSegmentation2,0.9238
ROCKET,Trace,1
ROCKET,TwoLeadECG,0.9991
ROCKET,TwoPatterns,1
ROCKET,UMD,0.9924
ROCKET,UWaveGestureLibraryAll,0.9754
ROCKET,UWaveGestureLibraryX,0.8547
ROCKET,UWaveGestureLibraryY,0.774
ROCKET,UWaveGestureLibraryZ,0.7919
ROCKET,Wafer,0.9982
ROCKET,Wine,0.813
ROCKET,WordSynonyms,0.7534
ROCKET,Worms,0.7403
ROCKET,WormsTwoClass,0.7974
ROCKET,Yoga,0.9104
MMM4TSC,ACSF1,0.915
MMM4TSC,Adiac,0.833
MMM4TSC,AllGestureWiimoteX,0.793
MMM4TSC,AllGestureWiimoteY,0.7767
MMM4TSC,AllGestureWiimoteZ,0.7667
MMM4TSC,ArrowHead,0.8182
MMM4TSC,BME,0.9933
MMM4TSC,Beef,0.9
MMM4TSC,BeetleFly,0.9
MMM4TSC,BirdChicken,0.9
MMM4TSC,CBF,1
MMM4TSC,Car,0.9233
MMM4TSC,Chinatown,0.9797
MMM4TSC,ChlorineConcentration,0.8034
MMM4TSC,CinCECGTorso,0.798
MMM4TSC,Coffee,1
MMM4TSC,Computers,0.772
MMM4TSC,CricketX,0.8119
MMM4TSC,CricketY,0.8462
MMM4TSC,CricketZ,0.8454
MMM4TSC,Crop,0.7489
MMM4TSC,DiatomSizeReduction,0.9611
MMM4TSC,DistalPhalanxOutlineAgeGroup,0.7929
MMM4TSC,DistalPhalanxOutlineCorrect,0.7971
MMM4TSC,DistalPhalanxTW,0.7357
MMM4TSC,DodgerLoopDay,0.55
MMM4TSC,DodgerLoopGame,0.8435
MMM4TSC,DodgerLoopWeekend,0.9783
MMM4TSC,ECG200,0.94
MMM4TSC,ECG5000,0.9451
MMM4TSC,ECGFiveDays,0.9942
MMM4TSC,EOGHorizontalSignal,0.6409
MMM4TSC,EOGVerticalSignal,0.4779
MMM4TSC,Earthquakes,0.7715
MMM4TSC,ElectricDevices,0.7165
MMM4TSC,EthanolLevel,0.652
MMM4TSC,FaceAll,0.8
MMM4TSC,FaceFour,0.9245
MMM4TSC,FacesUCR,0.9581
MMM4TSC,FiftyWords,0.7155
MMM4TSC,Fish,0.9755
MMM4TSC,FordA,0.9243
MMM4TSC,FordB,0.8233
MMM4TSC,FreezerRegularTrain,0.9909
MMM4TSC,FreezerSmallTrain,0.9505
MMM4TSC,Fungi,1
MMM4TSC,GestureMidAirD1,0.7548
MMM4TSC,GestureMidAirD2,0.6462
MMM4TSC,GestureMidAirD3,0.5192
MMM4TSC,GesturePebbleZ1,0.9012
MMM4TSC,GesturePebbleZ2,0.8735
MMM4TSC,GunPoint,1
MMM4TSC,GunPointAgeSpan,0.9874
MMM4TSC,GunPointMaleVersusFemale,1
MMM4TSC,GunPointOldVersusYoung,1
MMM4TSC,Ham,0.75
MMM4TSC,HandOutlines,0.9521
MMM4TSC,Haptics,0.5658
MMM4TSC,Herring,0.6933
MMM4TSC,HouseTwenty,0.9687
MMM4TSC,InlineSkate,0.51
MMM4TSC,InsectEPGRegularTrain,1
MMM4TSC,InsectEPGSmallTrain,0.9375
MMM4TSC,InsectWingbeatSound,0.6272
MMM4TSC,ItalyPowerDemand,0.963
MMM4TSC,LargeKitchenAppliances,0.8844
MMM4TSC,Lightning2,0.7258
MMM4TSC,Lightning7,0.8286
MMM4TSC,Mallat,0.9444
MMM4TSC,Meat,0.883
MMM4TSC,MedicalImages,0.731
MMM4TSC,MelbournePedestrian,0.8767
MMM4TSC,MiddlePhalanxOutlineAgeGroup,0.6154
MMM4TSC,MiddlePhalanxOutlineCorrect,0.8117
MMM4TSC,MiddlePhalanxTW,0.6099
MMM4TSC,MixedShapesRegularTrain,0.9452
MMM4TSC,MixedShapesSmallTrain,0.94
MMM4TSC,MoteStrain,0.8942
MMM4TSC,NonInvasiveFetalECGThorax1,0.9481
MMM4TSC,NonInvasiveFetalECGThorax2,0.9589
MMM4TSC,OSULeaf,0.94
MMM4TSC,OliveOil,0.875
MMM4TSC,PLAID,0.8426
MMM4TSC,PhalangesOutlinesCorrect,0.8334
MMM4TSC,Phoneme,0.3075
MMM4TSC,PickupGestureWiimoteZ,0.8333
MMM4TSC,PigAirwayPressure,0.5673
MMM4TSC,PigArtPressure,0.9423
MMM4TSC,PigCVP,0.9122
MMM4TSC,Plane,1
MMM4TSC,PowerCons,0.9833
MMM4TSC,ProximalPhalanxOutlineAgeGroup,0.8558
MMM4TSC,ProximalPhalanxOutlineCorrect,0.918
MMM4TSC,ProximalPhalanxTW,0.8029
MMM4TSC,RefrigerationDevices,0.5133
MMM4TSC,Rock,0.8846
MMM4TSC,ScreenType,0.6062
MMM4TSC,SemgHandGenderCh2,0.8783
MMM4TSC,SemgHandMovementCh2,0.6472
MMM4TSC,SemgHandSubjectCh2,0.8556
MMM4TSC,ShakeGestureWiimoteZ,0.92
MMM4TSC,ShapeletSim,0.95
MMM4TSC,ShapesAll,0.9125
MMM4TSC,SmallKitchenAppliances,0.774
MMM4TSC,SmoothSubspace,0.993
MMM4TSC,SonyAIBORobotSurface1,0.947
MMM4TSC,SonyAIBORobotSurface2,0.9583
MMM4TSC,StarLightCurves,0.9685
MMM4TSC,Strawberry,0.9784
MMM4TSC,SwedishLeaf,0.9169
MMM4TSC,Symbols,0.9583
MMM4TSC,SyntheticControl,0.9933
MMM4TSC,ToeSegmentation1,0.95
MMM4TSC,ToeSegmentation2,0.9146
MMM4TSC,Trace,1
MMM4TSC,TwoLeadECG,0.9877
MMM4TSC,TwoPatterns,1
MMM4TSC,UMD,1
MMM4TSC,UWaveGestureLibraryAll,0.9649
MMM4TSC,UWaveGestureLibraryX,0.8081
MMM4TSC,UWaveGestureLibraryY,0.7334
MMM4TSC,UWaveGestureLibraryZ,0.7935
MMM4TSC,Wafer,0.9977
MMM4TSC,Wine,0.8889
MMM4TSC,WordSynonyms,0.7046
MMM4TSC,Worms,0.7667
MMM4TSC,WormsTwoClass,0.7972
MMM4TSC,Yoga,0.915
